genus_taxid	genus_name	input_species_count	species_with_retained_final_probes	final_probe_sequence_count
32535	Acinonyx	1	1	1593
9645	Ailuropoda	1	1	1341
9648	Ailurus	2	2	3963
9851	Alces	1	1	1248
2162899	Alexandromys	1	1	3223
9898	Ammotragus	1	1	135
8835	Anas	1	1	2388
101664	Anomalurus	1	1	3346
8842	Anser	2	2	3073
9890	Antilocapra	1	1	3231
59524	Antilope	1	1	1670
7459	Apis	1	1	3259
29083	Arctocephalus	3	3	4394
544298	Arctodus	1	1	1915
1825729	Arctotherium	1	1	2003
9416	Artibeus	1	1	3317
27601	Balaena	1	1	1540
9766	Balaenoptera	8	8	15446
48741	Berardius	1	1	2054
9900	Bison	3	3	3354
7090	Bombyx	1	1	3119
1922214	Bootherium	1	1	784
9903	Bos	4	4	6479
9353	Bradypus	1	1	3793
9918	Bubalus	1	1	2008
8854	Cairina	1	1	3312
34883	Callorhinus	1	1	1345
647690	Camelops	1	1	1926
9836	Camelus	3	3	4975
9611	Canis	2	2	10404
27603	Caperea	1	1	3164
9922	Capra	1	1	1355
9965	Capricornis	2	2	3585
10184	Castor	2	2	5386
10140	Cavia	1	1	3301
9513	Cebus	1	1	3502
1971489	Cephalopachus	1	1	3339
9806	Ceratotherium	1	1	2023
9859	Cervus	3	3	3726
50352	Chalinolobus	1	1	3295
392815	Chlorocebus	4	4	7274
9357	Choloepus	1	1	3258
185452	Chrysochloris	1	1	1536
222862	Coelodonta	1	1	1449
9570	Colobus	1	1	2070
8931	Columba	1	1	3427
9090	Coturnix	1	1	2544
10028	Cricetulus	1	1	1223
36801	Crocidura	1	1	1369
68729	Cuon	1	1	1450
7961	Cyprinus	1	1	3307
39181	Cystophora	1	1	1942
9360	Dasypus	1	1	3372
13038	Daubentonia	1	1	3319
9748	Delphinapterus	1	1	1959
9727	Delphinus	1	1	782
42324	Dendrohyrax	1	1	182
89631	Dicerorhinus	1	1	1986
9804	Diceros	1	1	1167
3136298	Dicotyles	1	1	3276
85951	Dicrostonyx	2	2	2706
1811494	Doedicurus	1	1	984
29136	Dugong	1	1	3311
9370	Echinops	1	1	3293
162629	Echinosorex	1	1	3341
109297	Elaphodus	1	1	743
28736	Elephantulus	1	1	3301
9782	Elephas	1	1	1195
34881	Enhydra	1	1	1880
9789	Equus	4	4	8115
481706	Eremitalpa	1	1	3277
39182	Erignathus	1	1	1929
9364	Erinaceus	1	1	1072
9763	Eschrichtius	1	1	3310
27605	Eubalaena	2	2	4590
13513	Eulemur	1	1	3299
34885	Eumetopias	1	1	3382
9682	Felis	1	1	1303
202256	Galemys	1	1	3287
482536	Galeopterus	1	1	3318
9030	Gallus	1	1	2594
9893	Giraffa	1	1	3294
41260	Glis	1	1	3304
9592	Gorilla	1	1	1891
83652	Grampus	1	1	1503
48419	Gulo	1	1	1513
9710	Halichoerus	1	1	1277
9633	Helarctos	1	1	1197
30578	Hemiechinus	1	1	913
216181	Hippidion	1	1	2071
9832	Hippopotamus	1	1	3238
9605	Homo	2	2	6397
339613	Homotherium	1	1	702
9882	Hydropotes	1	1	831
29085	Hydrurga	1	1	1713
9578	Hylobates	1	1	3349
48896	Hylomys	1	1	1094
48743	Hyperoodon	1	1	3292
9724	Inia	1	1	3251
48867	Jaculus	1	1	3274
9751	Kogia	1	1	3232
27609	Lagenorhynchus	1	1	3247
9839	Lama	2	2	2815
9446	Lemur	1	1	1392
9712	Leptonychotes	1	1	1672
9980	Lepus	3	3	4355
118796	Lipotes	1	1	3190
101848	Lobodon	1	1	1722
40156	Lonchura	1	1	3343
9784	Loxodonta	1	1	157
9656	Lutra	1	1	1993
13124	Lynx	2	2	3145
9539	Macaca	4	4	7186
1563126	Macrauchenia	1	1	1662
29081	Macroscelides	1	1	1297
39051	Mammut	1	1	3282
37348	Mammuthus	2	2	2603
9973	Manis	2	2	1997
9658	Martes	4	4	7259
9772	Megaptera	1	1	1847
9102	Meleagris	1	1	3364
9661	Meles	2	2	3100
9635	Melursus	1	1	3311
30546	Mephitis	1	1	3244
10053	Microtus	1	1	2016
9714	Mirounga	1	1	1710
62294	Mogera	1	1	1454
40150	Monodon	1	1	3339
9885	Muntiacus	3	3	6696
10088	Mus	2	2	4983
9665	Mustela	3	3	6672
48783	Mylodon	1	1	3260
55781	Myrmecobius	1	1	3337
71005	Myrmecophaga	1	1	3287
94960	Mystacina	1	1	3245
30636	Nannospalax	1	1	3252
43779	Nasalis	1	1	1591
61451	Neofelis	1	1	1650
2902005	Neogale	1	1	1354
1907176	Neomonachus	1	1	1805
161929	Neophoca	1	1	1864
136415	Nothrotheriops	1	1	3060
8995	Numida	1	1	3344
9469	Nycticebus	1	1	4591
9977	Ochotona	3	3	7914
9706	Odobenus	1	1	3288
9871	Odocoileus	2	2	1731
8016	Oncorhynchus	1	1	2295
34872	Oreamnos	1	1	1715
9257	Ornithorhynchus	1	1	3381
9817	Orycteropus	1	1	3310
9984	Oryctolagus	1	1	3397
2182372	Osphranter	1	1	3382
37175	Ovibos	1	1	1710
9935	Ovis	2	2	2666
9596	Pan	2	2	5777
9688	Panthera	6	6	10437
59537	Pantholops	1	1	1822
9554	Papio	1	1	1847
2892070	Pekania	1	1	2061
10040	Peromyscus	1	1	989
34898	Petaurus	1	1	3165
41425	Phacochoerus	1	1	1857
9207	Phalacrocorax	1	1	3779
38625	Phascolarctos	1	1	3246
2736678	Phataginus	1	1	3284
9717	Phoca	4	4	8227
34887	Phocarctos	1	1	1769
9741	Phocoena	1	1	4342
9753	Physeter	1	1	2188
591932	Piliocolobus	1	1	1700
27671	Pipistrellus	1	1	1434
48750	Platanista	1	1	3246
1983448	Platygonus	1	1	2060
9599	Pongo	2	2	5094
48722	Pontoporia	1	1	3264
9573	Presbytis	1	1	87
9812	Procavia	1	1	3264
9653	Procyon	1	1	3611
30600	Propithecus	1	1	3361
9332	Pseudocheirus	1	1	3186
3371083	Pseudosoriculus	1	1	1474
9401	Pteropus	2	2	4329
146712	Puma	1	1	1450
693430	Pusa	3	3	3062
54132	Pygathrix	1	1	1678
9869	Rangifer	1	1	1057
10114	Rattus	5	5	7631
9808	Rhinoceros	2	2	5302
49442	Rhinolophus	3	3	7840
542827	Rhinopithecus	1	1	1557
9406	Rousettus	1	1	3332
662560	Rusa	1	1	2227
34874	Saiga	1	1	1342
8028	Salmo	1	1	3383
10001	Sciurus	1	1	3453
88028	Semnopithecus	1	1	1838
9134	Serinus	1	1	3339
13265	Smilodon	1	1	1496
9379	Sorex	4	4	8390
103599	Sousa	1	1	1243
30550	Spilogale	1	1	865
9734	Stenella	2	2	1888
9822	Sus	1	1	6476
9260	Tachyglossus	1	1	3254
9374	Talpa	1	1	1731
9350	Tamandua	1	1	1528
9800	Tapirus	2	2	5028
38631	Tarsipes	1	1	3130
30553	Taxidea	1	1	1955
10168	Thryonomys	1	1	3289
9274	Thylacinus	1	1	3497
54136	Trachypithecus	1	1	1144
9637	Tremarctos	1	1	1748
9776	Trichechus	1	1	3274
9394	Tupaia	1	1	3353
9738	Tursiops	2	2	1094
106105	Urotrichus	1	1	1511
9639	Ursus	5	5	5246
2079297	Urva	1	1	3265
30539	Vicugna	2	2	3183
9625	Vulpes	2	2	3305
9703	Zalophus	1	1	1679
