Display_name	Visual_group	Mode	Target_name	Target_id	Taxid	Probe_count	Terminal_fasta
Bos taurus	Bos	taxa	Bos taurus	species_taxid_9913	9913	1551	/lustre/elzd_2023_000111/zcb/mitocapture04/Pipeline/eMito_pipeline_v3_2/06_optional_modes/taxa/access/Bos_taurus__species_taxid_9913.taxa_specific.probe.assessed.fasta
Bos grunniens	Bos	taxa	Bos grunniens	species_taxid_30521	30521	1194	/lustre/elzd_2023_000111/zcb/mitocapture04/Pipeline/eMito_pipeline_v3_2/06_optional_modes/taxa/access/Bos_grunniens__species_taxid_30521.taxa_specific.probe.assessed.fasta
Ovis aries	Ovis/Capra	taxa	Ovis aries	species_taxid_9940	9940	1139	/lustre/elzd_2023_000111/zcb/mitocapture04/Pipeline/eMito_pipeline_v3_2/06_optional_modes/taxa/access/Ovis_aries__species_taxid_9940.taxa_specific.probe.assessed.fasta
Capra hircus	Ovis/Capra	taxa	Capra hircus	species_taxid_9925	9925	1355	/lustre/elzd_2023_000111/zcb/mitocapture04/Pipeline/eMito_pipeline_v3_2/06_optional_modes/taxa/access/Capra_hircus__species_taxid_9925.taxa_specific.probe.assessed.fasta
Sus scrofa domesticus	Sus	group	Sus scrofa domesticus	group_species_9823_taxid_9825_7921cf5925	9825	468	/lustre/elzd_2023_000111/zcb/mitocapture04/Pipeline/eMito_pipeline_v3_2/04_eMito_group_generate/probe_sets/Sus_scrofa/Sus_scrofa_domesticus__group_species_9823_taxid_9825_7921cf5925.group_specific.probe.fasta
Sus scrofa scrofa	Sus	group	Sus scrofa scrofa	group_species_9823_taxid_415978_409830ec51	415978	78	/lustre/elzd_2023_000111/zcb/mitocapture04/Pipeline/eMito_pipeline_v3_2/04_eMito_group_generate/probe_sets/Sus_scrofa/Sus_scrofa_scrofa__group_species_9823_taxid_415978_409830ec51.group_specific.probe.fasta
Canis lupus familiaris	Canis	group	Canis lupus familiaris	group_species_9612_taxid_9615_6898c1ec11	9615	440	/lustre/elzd_2023_000111/zcb/mitocapture04/Pipeline/eMito_pipeline_v3_2/04_eMito_group_generate/probe_sets/Canis_lupus/Canis_lupus_familiaris__group_species_9612_taxid_9615_6898c1ec11.group_specific.probe.fasta
Canis lupus baileyi	Canis	group	Canis lupus baileyi	group_species_9612_taxid_143281_cb6e73ab7c	143281	623	/lustre/elzd_2023_000111/zcb/mitocapture04/Pipeline/eMito_pipeline_v3_2/04_eMito_group_generate/probe_sets/Canis_lupus/Canis_lupus_baileyi__group_species_9612_taxid_143281_cb6e73ab7c.group_specific.probe.fasta
Canis lupus lycaon	Canis	group	Canis lupus lycaon	group_species_9612_taxid_228401_5a6eb8197b	228401	2370	/lustre/elzd_2023_000111/zcb/mitocapture04/Pipeline/eMito_pipeline_v3_2/04_eMito_group_generate/probe_sets/Canis_lupus/Canis_lupus_lycaon__group_species_9612_taxid_228401_5a6eb8197b.group_specific.probe.fasta
Canis lupus laniger	Canis	group	Canis lupus laniger	group_species_9612_taxid_554455_774e2db321	554455	1856	/lustre/elzd_2023_000111/zcb/mitocapture04/Pipeline/eMito_pipeline_v3_2/04_eMito_group_generate/probe_sets/Canis_lupus/Canis_lupus_laniger__group_species_9612_taxid_554455_774e2db321.group_specific.probe.fasta
Equus caballus	Equus	taxa	Equus caballus	species_taxid_9796	9796	1728	/lustre/elzd_2023_000111/zcb/mitocapture04/Pipeline/eMito_pipeline_v3_2/06_optional_modes/taxa/access/Equus_caballus__species_taxid_9796.taxa_specific.probe.assessed.fasta
Equus asinus	Equus	taxa	Equus asinus	species_taxid_9793	9793	1456	/lustre/elzd_2023_000111/zcb/mitocapture04/Pipeline/eMito_pipeline_v3_2/06_optional_modes/taxa/access/Equus_asinus__species_taxid_9793.taxa_specific.probe.assessed.fasta
Ancient modern	Homo	group	Ancient_modern	group_species_9606_taxid_9606_c0c30b98ca	9606	1054	/lustre/elzd_2023_000111/zcb/mitocapture04/Pipeline/eMito_pipeline_v3_2/04_eMito_group_generate/probe_sets/Homo_sapiens/Ancient_modern__group_species_9606_taxid_9606_c0c30b98ca.group_specific.probe.fasta
Denisova	Homo	group	Homo sapiens subsp. 'Denisova'	group_species_9606_taxid_741158_a33a512c13	741158	955	/lustre/elzd_2023_000111/zcb/mitocapture04/Pipeline/eMito_pipeline_v3_2/04_eMito_group_generate/probe_sets/Homo_sapiens/Homo_sapiens_subsp._Denisova__group_species_9606_taxid_741158_a33a512c13.group_specific.probe.fasta
Heidelbergensis	Homo	group	Homo heidelbergensis	group_species_1425170_taxid_1425170_28af56c8eb	1425170	826	/lustre/elzd_2023_000111/zcb/mitocapture04/Pipeline/eMito_pipeline_v3_2/04_eMito_group_generate/probe_sets/Homo_heidelbergensis/Homo_heidelbergensis__group_species_1425170_taxid_1425170_28af56c8eb.group_specific.probe.fasta
Modern	Homo	group	Modern	group_species_9606_taxid_9606_3a4e447e89	9606	3116	/lustre/elzd_2023_000111/zcb/mitocapture04/Pipeline/eMito_pipeline_v3_2/04_eMito_group_generate/probe_sets/Homo_sapiens/Modern__group_species_9606_taxid_9606_3a4e447e89.group_specific.probe.fasta
Neanderthal	Homo	group	Homo sapiens neanderthalensis	group_species_9606_taxid_63221_9db3845aa0	63221	863	/lustre/elzd_2023_000111/zcb/mitocapture04/Pipeline/eMito_pipeline_v3_2/04_eMito_group_generate/probe_sets/Homo_sapiens/Homo_sapiens_neanderthalensis__group_species_9606_taxid_63221_9db3845aa0.group_specific.probe.fasta
