stage	description	fasta_files	empty_fasta_files	fasta_records	atcg_records	invalid_records	sum_unique_within_each_file	duplicates_within_files	unique_after_merging_all_stage_files	duplicates_across_files	total_duplicates_removed_by_stage_merge	unique_retained_percent
01_initial_probe_windows	All step-sized probe windows generated from individual genomes	1267	0	4148539	4148539	0	4138140	10399	1345537	2792603	2803002	32.4340
02_taxa_individual_intersections	Per-accession intersections with combined species/genus-specific k-mers	1141	0	2505279	2505279	0	2501763	3516	733604	1768159	1771675	29.2823
03_taxa_specific_probe_sets	One merged and deduplicated Taxa-specific probe set per species	303	0	744531	744531	0	744531	0	733604	10927	10927	98.5324
04_group_individual_intersections	Per-accession intersections with subgroup-specific k-mers	126	0	112806	112806	0	112637	169	26095	86542	86711	23.1326
05_group_specific_probe_sets	One merged and deduplicated Group-specific probe set per subgroup	17	0	26095	26095	0	26095	0	26095	0	0	100.0000
06_node_tiling_probe_sets	Node-tiling probe sets before optional processing	103	0	337230	337230	0	336146	1084	334019	2127	3211	99.0478
07_generation_outputs_all_modes	Taxa, group and node generation outputs combined	423	0	1107856	1107856	0	1106772	1084	846679	260093	261177	76.4250
08_taxa_access_outputs	All taxa eMito-access assessed FASTA outputs	303	0	470392	470392	0	470392	0	463195	7197	7197	98.4700
09_taxa_collapse_outputs	All taxa eMito-collapse FASTA outputs	0	0	0	0	0	0	0	0	0	0	0.0000
10_taxa_terminal_outputs	taxa files actually selected for the final merge	303	0	470392	470392	0	470392	0	463195	7197	7197	98.4700
08_group_access_outputs	All group eMito-access assessed FASTA outputs	0	0	0	0	0	0	0	0	0	0	0.0000
09_group_collapse_outputs	All group eMito-collapse FASTA outputs	0	0	0	0	0	0	0	0	0	0	0.0000
10_group_terminal_outputs	group files actually selected for the final merge	17	0	26095	26095	0	26095	0	26095	0	0	100.0000
08_node_access_outputs	All node eMito-access assessed FASTA outputs	0	0	0	0	0	0	0	0	0	0	0.0000
09_node_collapse_outputs	All node eMito-collapse FASTA outputs	0	0	0	0	0	0	0	0	0	0	0.0000
10_node_terminal_outputs	node files actually selected for the final merge	103	0	337230	337230	0	336146	1084	334019	2127	3211	99.0478
11_terminal_outputs_all_modes	All terminal mode outputs selected for final merge	423	0	833717	833717	0	832633	1084	664217	168416	169500	79.6694
12_final_probe_set	Pipeline final sequence-deduplicated probe set	1	0	664217	664217	0	664217	0	664217	0	0	100.0000
