metric	value	note
mode	taxa	
target_files	303	Number of independently assessed targets
gc_min_percent	35.0	Inclusive lower GC cutoff
gc_max_percent	65.0	Inclusive upper GC cutoff
complexity_min	0.0	Inclusive DUST lower cutoff
complexity_max	2.0	Inclusive DUST upper cutoff
dimer_k	11	Reverse-complement k-mer length
dimer_threshold	0.15	0<x<1 quantile; x>=1 absolute cutoff; x<=0 disabled
input_records	744531	Before eMito-access
removed_non_atcg	0	Before metric filters
after_atcg	744531	
removed_by_gc	214335	Sequential attribution
after_gc	530196	
removed_by_complexity_after_gc	1834	Sequential attribution among GC-passing probes
after_gc_and_complexity	528362	
removed_by_dimer	57970	
after_dimer	470392	
removed_by_exact_sequence_dedup	0	Within each target
recomputed_assessed	470392	
actual_assessed	470392	Existing assessed FASTAs
targets_matching_existing_assessed_count	303	of 303 targets
gc_fail_regardless_of_complexity	214335	Marginal count; may overlap complexity failures
complexity_fail_regardless_of_gc	3441	Marginal count; may overlap GC failures
failed_both_gc_and_complexity	1607	Overlap of the two marginal counts
